<infinispan
        xmlns:xsi="http://www.w3.org/2001/XMLSchema-instance"
        xsi:schemaLocation="urn:infinispan:config:12.1 https://infinispan.org/schemas/infinispan-config-12.1.xsd
                            urn:infinispan:server:12.1 https://infinispan.org/schemas/infinispan-server-12.1.xsd"
        xmlns="urn:infinispan:config:12.1"
        xmlns:server="urn:infinispan:server:12.1">

   <cache-container name="default" statistics="true">
      <security>
         <authorization/>
      </security>
   </cache-container>

   <server xmlns="urn:infinispan:server:12.1">
      <interfaces>
         <interface name="public">
            <inet-address value="${infinispan.bind.address:127.0.0.1}"/>
         </interface>
      </interfaces>

      <socket-bindings default-interface="public" port-offset="${infinispan.socket.binding.port-offset:0}">
         <socket-binding name="default" port="${infinispan.bind.port:11222}"/>
         <socket-binding name="memcached" port="11221"/>
      </socket-bindings>

      <security>
         <security-realms>
            <security-realm name="default">
               <!-- Uncomment to enable TLS on the realm -->
               <!-- server-identities>
                  <ssl>
                     <keystore path="application.keystore"
                               keystore-password="password" alias="server" key-password="password"
                               generate-self-signed-certificate-host="localhost"/>
                  </ssl>
               </server-identities-->
               <properties-realm groups-attribute="Roles">
                  <user-properties path="users.properties"/>
                  <group-properties path="groups.properties"/>
               </properties-realm>
            </security-realm>
         </security-realms>
      </security>

      <endpoints socket-binding="default" security-realm="default">
         <ip-filter>
            <reject from="172.16.0.0/16"/>
            <accept from="127.0.0.0/8"/>
         </ip-filter>
         <hotrod-connector name="hotrod"/>
         <rest-connector name="rest"/>
         <!-- Uncomment to enable the memcached connector -->
         <!-- memcached-connector socket-binding="memcached" / -->
      </endpoints>
   </server>
</infinispan>
