<?xml version="1.0" encoding="UTF-8" standalone="no"?>
<licenseSummary>
    <dependencies>
        <dependency>
            <packageName>@patternfly/react-catalog-view-extension</packageName>
            <version>4.10.2</version>
            <licenses>
                <license>
                    <name>MIT License</name>
                    <url>http://www.opensource.org/licenses/MIT</url>
                </license>
            </licenses>
        </dependency>
        <dependency>
            <packageName>@patternfly/react-charts</packageName>
            <version>6.14.2</version>
            <licenses>
                <license>
                    <name>MIT License</name>
                    <url>http://www.opensource.org/licenses/MIT</url>
                </license>
            </licenses>
        </dependency>
        <dependency>
            <packageName>@patternfly/react-code-editor</packageName>
            <version>4.1.25</version>
            <licenses>
                <license>
                    <name>MIT License</name>
                    <url>http://www.opensource.org/licenses/MIT</url>
                </license>
            </licenses>
        </dependency>
        <dependency>
            <packageName>@patternfly/react-core</packageName>
            <version>4.97.2</version>
            <licenses>
                <license>
                    <name>MIT License</name>
                    <url>http://www.opensource.org/licenses/MIT</url>
                </license>
            </licenses>
        </dependency>
        <dependency>
            <packageName>@patternfly/react-icons</packageName>
            <version>4.9.2</version>
            <licenses>
                <license>
                    <name>MIT License</name>
                    <url>http://www.opensource.org/licenses/MIT</url>
                </license>
            </licenses>
        </dependency>
        <dependency>
            <packageName>@patternfly/react-styles</packageName>
            <version>4.8.2</version>
            <licenses>
                <license>
                    <name>MIT License</name>
                    <url>http://www.opensource.org/licenses/MIT</url>
                </license>
            </licenses>
        </dependency>
        <dependency>
            <packageName>@patternfly/react-table</packageName>
            <version>4.23.2</version>
            <licenses>
                <license>
                    <name>MIT License</name>
                    <url>http://www.opensource.org/licenses/MIT</url>
                </license>
            </licenses>
        </dependency>
        <dependency>
            <packageName>@patternfly/react-tokens</packageName>
            <version>4.10.2</version>
            <licenses>
                <license>
                    <name>MIT License</name>
                    <url>http://www.opensource.org/licenses/MIT</url>
                </license>
            </licenses>
        </dependency>
        <dependency>
            <groupId>com.carrotsearch</groupId>
            <artifactId>hppc</artifactId>
            <version>0.8.1.redhat-00001</version>
            <licenses>
                <license>
                    <name>The Apache Software License, Version 2.0</name>
                    <url>http://www.apache.org/licenses/LICENSE-2.0.txt</url>
                    <distribution>repo</distribution>
                </license>
            </licenses>
        </dependency>
        <dependency>
            <groupId>com.fasterxml.jackson.core</groupId>
            <artifactId>jackson-annotations</artifactId>
            <version>2.12.1.redhat-00002</version>
            <licenses>
                <license>
                    <name>The Apache Software License, Version 2.0</name>
                    <url>http://www.apache.org/licenses/LICENSE-2.0.txt</url>
                    <distribution>repo</distribution>
                </license>
            </licenses>
        </dependency>
        <dependency>
            <groupId>com.fasterxml.jackson.core</groupId>
            <artifactId>jackson-core</artifactId>
            <version>2.12.1.redhat-00002</version>
            <licenses>
                <license>
                    <name>The Apache Software License, Version 2.0</name>
                    <url>http://www.apache.org/licenses/LICENSE-2.0.txt</url>
                    <distribution>repo</distribution>
                </license>
            </licenses>
        </dependency>
        <dependency>
            <groupId>com.fasterxml.jackson.core</groupId>
            <artifactId>jackson-databind</artifactId>
            <version>2.12.1.redhat-00002</version>
            <licenses>
                <license>
                    <name>The Apache Software License, Version 2.0</name>
                    <url>http://www.apache.org/licenses/LICENSE-2.0.txt</url>
                    <distribution>repo</distribution>
                </license>
            </licenses>
        </dependency>
        <dependency>
            <groupId>com.fasterxml.jackson.datatype</groupId>
            <artifactId>jackson-datatype-jdk8</artifactId>
            <version>2.12.1.redhat-00002</version>
            <licenses>
                <license>
                    <name>The Apache Software License, Version 2.0</name>
                    <url>http://www.apache.org/licenses/LICENSE-2.0.txt</url>
                    <distribution>repo</distribution>
                </license>
            </licenses>
        </dependency>
        <dependency>
            <groupId>com.github.ben-manes.caffeine</groupId>
            <artifactId>caffeine</artifactId>
            <version>2.8.4.redhat-00001</version>
            <licenses>
                <license>
                    <name>Apache License, Version 2.0</name>
                    <url>https://www.apache.org/licenses/LICENSE-2.0.txt</url>
                    <distribution>repo</distribution>
                </license>
            </licenses>
        </dependency>
        <dependency>
            <groupId>com.github.luben</groupId>
            <artifactId>zstd-jni</artifactId>
            <version>1.4.3.1-redhat-00002</version>
            <licenses>
                <license>
                    <name>BSD 2-Clause License</name>
                    <url>https://opensource.org/licenses/BSD-2-Clause</url>
                    <distribution>repo</distribution>
                </license>
            </licenses>
        </dependency>
        <dependency>
            <groupId>com.squareup.okhttp3</groupId>
            <artifactId>okhttp</artifactId>
            <version>3.14.8.redhat-00002</version>
            <licenses>
                <license>
                    <name>Apache 2.0</name>
                    <url>http://www.apache.org/licenses/LICENSE-2.0.txt</url>
                </license>
            </licenses>
        </dependency>
        <dependency>
            <groupId>com.squareup.okio</groupId>
            <artifactId>okio</artifactId>
            <version>1.17.2.redhat-00002</version>
            <licenses>
                <license>
                    <name>Apache 2.0</name>
                    <url>http://www.apache.org/licenses/LICENSE-2.0.txt</url>
                </license>
            </licenses>
        </dependency>
        <dependency>
            <groupId>com.thoughtworks.xstream</groupId>
            <artifactId>xstream</artifactId>
            <version>1.4.17.redhat-00001</version>
            <licenses>
                <license>
                    <name>BSD-3-Clause</name>
                    <url>http://x-stream.github.io/license.html</url>
                    <distribution>repo</distribution>
                </license>
            </licenses>
        </dependency>
        <dependency>
            <packageName>express</packageName>
            <version>4.17.1</version>
            <licenses>
                <license>
                    <name>MIT License</name>
                    <url>http://www.opensource.org/licenses/MIT</url>
                </license>
            </licenses>
        </dependency>
        <dependency>
            <packageName>i18next-browser-languagedetector</packageName>
            <version>6.0.1</version>
            <licenses>
                <license>
                    <name>MIT License</name>
                    <url>http://www.opensource.org/licenses/MIT</url>
                </license>
            </licenses>
        </dependency>
        <dependency>
            <groupId>io.agroal</groupId>
            <artifactId>agroal-api</artifactId>
            <version>1.9.0.redhat-00001</version>
            <licenses>
                <license>
                    <name>Apache License 2.0</name>
                    <url>http://www.apache.org/licenses/LICENSE-2.0.html</url>
                    <distribution>repo</distribution>
                </license>
            </licenses>
        </dependency>
        <dependency>
            <groupId>io.agroal</groupId>
            <artifactId>agroal-pool</artifactId>
            <version>1.9.0.redhat-00001</version>
            <licenses>
                <license>
                    <name>Apache License 2.0</name>
                    <url>http://www.apache.org/licenses/LICENSE-2.0.html</url>
                    <distribution>repo</distribution>
                </license>
            </licenses>
        </dependency>
        <dependency>
            <groupId>io.netty</groupId>
            <artifactId>netty-buffer</artifactId>
            <version>4.1.63.Final-redhat-00001</version>
            <licenses>
                <license>
                    <name>Apache License, Version 2.0</name>
                    <url>https://www.apache.org/licenses/LICENSE-2.0</url>
                </license>
            </licenses>
        </dependency>
        <dependency>
            <groupId>io.netty</groupId>
            <artifactId>netty-codec</artifactId>
            <version>4.1.63.Final-redhat-00001</version>
            <licenses>
                <license>
                    <name>Apache License, Version 2.0</name>
                    <url>https://www.apache.org/licenses/LICENSE-2.0</url>
                </license>
            </licenses>
        </dependency>
        <dependency>
            <groupId>io.netty</groupId>
            <artifactId>netty-codec-http</artifactId>
            <version>4.1.63.Final-redhat-00001</version>
            <licenses>
                <license>
                    <name>Apache License, Version 2.0</name>
                    <url>https://www.apache.org/licenses/LICENSE-2.0</url>
                </license>
            </licenses>
        </dependency>
        <dependency>
            <groupId>io.netty</groupId>
            <artifactId>netty-codec-http2</artifactId>
            <version>4.1.63.Final-redhat-00001</version>
            <licenses>
                <license>
                    <name>Apache License, Version 2.0</name>
                    <url>https://www.apache.org/licenses/LICENSE-2.0</url>
                </license>
            </licenses>
        </dependency>
        <dependency>
            <groupId>io.netty</groupId>
            <artifactId>netty-common</artifactId>
            <version>4.1.63.Final-redhat-00001</version>
            <licenses>
                <license>
                    <name>Apache License, Version 2.0</name>
                    <url>https://www.apache.org/licenses/LICENSE-2.0</url>
                </license>
            </licenses>
        </dependency>
        <dependency>
            <groupId>io.netty</groupId>
            <artifactId>netty-handler</artifactId>
            <version>4.1.63.Final-redhat-00001</version>
            <licenses>
                <license>
                    <name>Apache License, Version 2.0</name>
                    <url>https://www.apache.org/licenses/LICENSE-2.0</url>
                </license>
            </licenses>
        </dependency>
        <dependency>
            <groupId>io.netty</groupId>
            <artifactId>netty-resolver</artifactId>
            <version>4.1.63.Final-redhat-00001</version>
            <licenses>
                <license>
                    <name>Apache License, Version 2.0</name>
                    <url>https://www.apache.org/licenses/LICENSE-2.0</url>
                </license>
            </licenses>
        </dependency>
        <dependency>
            <groupId>io.netty</groupId>
            <artifactId>netty-transport</artifactId>
            <version>4.1.63.Final-redhat-00001</version>
            <licenses>
                <license>
                    <name>Apache License, Version 2.0</name>
                    <url>https://www.apache.org/licenses/LICENSE-2.0</url>
                </license>
            </licenses>
        </dependency>
        <dependency>
            <groupId>io.netty</groupId>
            <artifactId>netty-transport-native-epoll</artifactId>
            <version>4.1.63.Final-redhat-00001</version>
            <licenses>
                <license>
                    <name>Apache License, Version 2.0</name>
                    <url>https://www.apache.org/licenses/LICENSE-2.0</url>
                </license>
            </licenses>
        </dependency>
        <dependency>
            <groupId>io.netty</groupId>
            <artifactId>netty-transport-native-unix-common</artifactId>
            <version>4.1.63.Final-redhat-00001</version>
            <licenses>
                <license>
                    <name>Apache License, Version 2.0</name>
                    <url>https://www.apache.org/licenses/LICENSE-2.0</url>
                </license>
            </licenses>
        </dependency>
        <dependency>
            <groupId>io.opentracing</groupId>
            <artifactId>opentracing-api</artifactId>
            <version>0.31.0.redhat-00008</version>
            <licenses>
                <license>
                    <name>The Apache Software License, Version 2.0</name>
                    <url>http://www.apache.org/licenses/LICENSE-2.0.txt</url>
                    <distribution>repo</distribution>
                </license>
            </licenses>
        </dependency>
        <dependency>
            <groupId>io.reactivex.rxjava3</groupId>
            <artifactId>rxjava</artifactId>
            <version>3.0.4.redhat-00002</version>
            <licenses>
                <license>
                    <name>The Apache Software License, Version 2.0</name>
                    <url>http://www.apache.org/licenses/LICENSE-2.0.txt</url>
                    <distribution>repo</distribution>
                </license>
            </licenses>
        </dependency>
        <dependency>
            <groupId>io.smallrye.config</groupId>
            <artifactId>smallrye-config</artifactId>
            <version>1.6.2.redhat-00006</version>
            <licenses>
                <license>
                    <name>Apache License, Version 2.0</name>
                    <url>https://www.apache.org/licenses/LICENSE-2.0.txt</url>
                </license>
            </licenses>
        </dependency>
        <dependency>
            <groupId>io.smallrye.config</groupId>
            <artifactId>smallrye-config-common</artifactId>
            <version>1.6.2.redhat-00006</version>
            <licenses>
                <license>
                    <name>Apache License, Version 2.0</name>
                    <url>https://www.apache.org/licenses/LICENSE-2.0.txt</url>
                </license>
            </licenses>
        </dependency>
        <dependency>
            <groupId>io.smallrye</groupId>
            <artifactId>smallrye-metrics</artifactId>
            <version>2.4.0.redhat-00005</version>
            <licenses>
                <license>
                    <name>Apache License, Version 2.0</name>
                    <url>https://www.apache.org/licenses/LICENSE-2.0.txt</url>
                </license>
            </licenses>
        </dependency>
        <dependency>
            <groupId>net.sf.jopt-simple</groupId>
            <artifactId>jopt-simple</artifactId>
            <version>4.6.0.redhat-00003</version>
            <licenses>
                <license>
                    <name>The MIT License</name>
                    <url>http://www.opensource.org/licenses/mit-license.php</url>
                    <distribution>repo</distribution>
                </license>
            </licenses>
        </dependency>
        <dependency>
            <packageName>numeral</packageName>
            <version>2.0.6</version>
            <licenses>
                <license>
                    <name>MIT License</name>
                    <url>http://www.opensource.org/licenses/MIT</url>
                </license>
            </licenses>
        </dependency>
        <dependency>
            <groupId>org.aesh</groupId>
            <artifactId>aesh</artifactId>
            <version>2.6.0.redhat-00001</version>
            <licenses>
                <license>
                    <name>Apache License, Version 2.0</name>
                    <url>http://www.apache.org/licenses/LICENSE-2.0</url>
                </license>
            </licenses>
        </dependency>
        <dependency>
            <groupId>org.aesh</groupId>
            <artifactId>readline</artifactId>
            <version>2.1.0.redhat-00001</version>
            <licenses>
                <license>
                    <name>Apache License, Version 2.0</name>
                    <url>http://www.apache.org/licenses/LICENSE-2.0</url>
                </license>
            </licenses>
        </dependency>
        <dependency>
            <groupId>org.apache.commons</groupId>
            <artifactId>commons-math3</artifactId>
            <version>3.2.0.redhat-00001</version>
            <licenses>
                <license>
                    <name>The Apache Software License, Version 2.0</name>
                    <url>http://www.apache.org/licenses/LICENSE-2.0.txt</url>
                    <distribution>repo</distribution>
                </license>
            </licenses>
        </dependency>
        <dependency>
            <groupId>org.apache.kafka</groupId>
            <artifactId>kafka-clients</artifactId>
            <version>2.5.0.redhat-00005</version>
            <licenses>
                <license>
                    <name>The Apache Software License, Version 2.0</name>
                    <url>https://www.apache.org/licenses/LICENSE-2.0.txt</url>
                    <distribution>repo</distribution>
                </license>
            </licenses>
        </dependency>
        <dependency>
            <groupId>org.apache.logging.log4j</groupId>
            <artifactId>log4j-api</artifactId>
            <version>2.14.0.redhat-00004</version>
            <licenses>
                <license>
                    <name>Apache License, Version 2.0</name>
                    <url>https://www.apache.org/licenses/LICENSE-2.0.txt</url>
                    <distribution>repo</distribution>
                </license>
            </licenses>
        </dependency>
        <dependency>
            <groupId>org.apache.logging.log4j</groupId>
            <artifactId>log4j-core</artifactId>
            <version>2.14.0.redhat-00004</version>
            <licenses>
                <license>
                    <name>Apache License, Version 2.0</name>
                    <url>https://www.apache.org/licenses/LICENSE-2.0.txt</url>
                    <distribution>repo</distribution>
                </license>
            </licenses>
        </dependency>
        <dependency>
            <groupId>org.apache.logging.log4j</groupId>
            <artifactId>log4j-jul</artifactId>
            <version>2.14.0.redhat-00004</version>
            <licenses>
                <license>
                    <name>Apache License, Version 2.0</name>
                    <url>https://www.apache.org/licenses/LICENSE-2.0.txt</url>
                    <distribution>repo</distribution>
                </license>
            </licenses>
        </dependency>
        <dependency>
            <groupId>org.apache.logging.log4j</groupId>
            <artifactId>log4j-slf4j-impl</artifactId>
            <version>2.14.0.redhat-00004</version>
            <licenses>
                <license>
                    <name>Apache License, Version 2.0</name>
                    <url>https://www.apache.org/licenses/LICENSE-2.0.txt</url>
                    <distribution>repo</distribution>
                </license>
            </licenses>
        </dependency>
        <dependency>
            <groupId>org.apache.lucene</groupId>
            <artifactId>lucene-analyzers-common</artifactId>
            <version>8.7.0.redhat-00002</version>
            <licenses>
                <license>
                    <name>Apache License, Version 2.0</name>
                    <url>http://www.apache.org/licenses/LICENSE-2.0.txt</url>
                </license>
            </licenses>
        </dependency>
        <dependency>
            <groupId>org.apache.lucene</groupId>
            <artifactId>lucene-core</artifactId>
            <version>8.7.0.redhat-00002</version>
            <licenses>
                <license>
                    <name>Apache License, Version 2.0</name>
                    <url>http://www.apache.org/licenses/LICENSE-2.0.txt</url>
                </license>
            </licenses>
        </dependency>
        <dependency>
            <groupId>org.apache.lucene</groupId>
            <artifactId>lucene-facet</artifactId>
            <version>8.7.0.redhat-00002</version>
            <licenses>
                <license>
                    <name>Apache License, Version 2.0</name>
                    <url>http://www.apache.org/licenses/LICENSE-2.0.txt</url>
                </license>
            </licenses>
        </dependency>
        <dependency>
            <groupId>org.apache.lucene</groupId>
            <artifactId>lucene-join</artifactId>
            <version>8.7.0.redhat-00002</version>
            <licenses>
                <license>
                    <name>Apache License, Version 2.0</name>
                    <url>http://www.apache.org/licenses/LICENSE-2.0.txt</url>
                </license>
            </licenses>
        </dependency>
        <dependency>
            <groupId>org.apache.lucene</groupId>
            <artifactId>lucene-queries</artifactId>
            <version>8.7.0.redhat-00002</version>
            <licenses>
                <license>
                    <name>Apache License, Version 2.0</name>
                    <url>http://www.apache.org/licenses/LICENSE-2.0.txt</url>
                </license>
            </licenses>
        </dependency>
        <dependency>
            <groupId>org.apache.lucene</groupId>
            <artifactId>lucene-queryparser</artifactId>
            <version>8.7.0.redhat-00002</version>
            <licenses>
                <license>
                    <name>Apache License, Version 2.0</name>
                    <url>http://www.apache.org/licenses/LICENSE-2.0.txt</url>
                </license>
            </licenses>
        </dependency>
        <dependency>
            <groupId>org.apache.lucene</groupId>
            <artifactId>lucene-sandbox</artifactId>
            <version>8.7.0.redhat-00002</version>
            <licenses>
                <license>
                    <name>Apache License, Version 2.0</name>
                    <url>http://www.apache.org/licenses/LICENSE-2.0.txt</url>
                </license>
            </licenses>
        </dependency>
        <dependency>
            <groupId>org.eclipse.microprofile.config</groupId>
            <artifactId>microprofile-config-api</artifactId>
            <version>1.4.0.redhat-00006</version>
            <licenses>
                <license>
                    <name>Apache License, Version 2.0</name>
                    <url>https://www.apache.org/licenses/LICENSE-2.0.txt</url>
                    <distribution>repo</distribution>
                    <comments>A business-friendly OSS license</comments>
                </license>
            </licenses>
        </dependency>
        <dependency>
            <groupId>org.eclipse.microprofile.metrics</groupId>
            <artifactId>microprofile-metrics-api</artifactId>
            <version>2.3.0.redhat-00002</version>
            <licenses>
                <license>
                    <name>Apache License, Version 2.0</name>
                    <url>https://www.apache.org/licenses/LICENSE-2.0.txt</url>
                    <distribution>repo</distribution>
                    <comments>A business-friendly OSS license</comments>
                </license>
            </licenses>
        </dependency>
        <dependency>
            <groupId>org.fusesource.jansi</groupId>
            <artifactId>jansi</artifactId>
            <version>1.18.0.redhat-00001</version>
            <licenses>
                <license>
                    <name>The Apache Software License, Version 2.0</name>
                    <url>http://www.apache.org/licenses/LICENSE-2.0.txt</url>
                    <distribution>repo</distribution>
                </license>
            </licenses>
        </dependency>
        <dependency>
            <groupId>org.glassfish</groupId>
            <artifactId>javax.json</artifactId>
            <version>1.1.4.redhat-00001</version>
            <licenses>
                <license>
                    <name>Dual license consisting of the CDDL v1.1 and GPL v2</name>
                    <url>https://oss.oracle.com/licenses/CDDL+GPL-1.1</url>
                    <distribution>repo</distribution>
                </license>
            </licenses>
        </dependency>
        <dependency>
            <groupId>org.hibernate.common</groupId>
            <artifactId>hibernate-commons-annotations</artifactId>
            <version>5.0.5.Final-redhat-00002</version>
            <licenses>
                <license>
                    <name>GNU Lesser General Public License v2.1 or later</name>
                    <url>http://www.gnu.org/licenses/lgpl-2.1.html</url>
                    <distribution>repo</distribution>
                    <comments>See discussion at http://hibernate.org/license for more details.</comments>
                </license>
            </licenses>
        </dependency>
        <dependency>
            <groupId>org.hibernate.search</groupId>
            <artifactId>hibernate-search-backend-lucene</artifactId>
            <version>6.0.2.Final-redhat-00002</version>
            <licenses>
                <license>
                    <name>GNU Lesser General Public License v2.1 or later</name>
                    <url>http://www.opensource.org/licenses/LGPL-2.1</url>
                    <comments>See also: http://hibernate.org/license</comments>
                </license>
            </licenses>
        </dependency>
        <dependency>
            <groupId>org.hibernate.search</groupId>
            <artifactId>hibernate-search-engine</artifactId>
            <version>6.0.2.Final-redhat-00002</version>
            <licenses>
                <license>
                    <name>GNU Lesser General Public License v2.1 or later</name>
                    <url>http://www.opensource.org/licenses/LGPL-2.1</url>
                    <comments>See also: http://hibernate.org/license</comments>
                </license>
            </licenses>
        </dependency>
        <dependency>
            <groupId>org.hibernate.search</groupId>
            <artifactId>hibernate-search-mapper-pojo-base</artifactId>
            <version>6.0.2.Final-redhat-00002</version>
            <licenses>
                <license>
                    <name>GNU Lesser General Public License v2.1 or later</name>
                    <url>http://www.opensource.org/licenses/LGPL-2.1</url>
                    <comments>See also: http://hibernate.org/license</comments>
                </license>
            </licenses>
        </dependency>
        <dependency>
            <groupId>org.hibernate.search</groupId>
            <artifactId>hibernate-search-util-common</artifactId>
            <version>6.0.2.Final-redhat-00002</version>
            <licenses>
                <license>
                    <name>GNU Lesser General Public License v2.1 or later</name>
                    <url>http://www.opensource.org/licenses/LGPL-2.1</url>
                    <comments>See also: http://hibernate.org/license</comments>
                </license>
            </licenses>
        </dependency>
        <dependency>
            <groupId>org.hibernate.search</groupId>
            <artifactId>hibernate-search-v5migrationhelper-engine</artifactId>
            <version>6.0.2.Final-redhat-00002</version>
            <licenses>
                <license>
                    <name>GNU Lesser General Public License v2.1 or later</name>
                    <url>http://www.opensource.org/licenses/LGPL-2.1</url>
                    <comments>See also: http://hibernate.org/license</comments>
                </license>
            </licenses>
        </dependency>
        <dependency>
            <groupId>org.infinispan.protostream</groupId>
            <artifactId>protostream</artifactId>
            <version>4.4.1.Final-redhat-00004</version>
            <licenses>
                <license>
                    <name>Apache License 2.0</name>
                    <url>https://apache.org/licenses/LICENSE-2.0</url>
                    <distribution>repo</distribution>
                </license>
            </licenses>
        </dependency>
        <dependency>
            <groupId>org.infinispan.protostream</groupId>
            <artifactId>protostream-types</artifactId>
            <version>4.4.1.Final-redhat-00004</version>
            <licenses>
                <license>
                    <name>Apache License 2.0</name>
                    <url>https://apache.org/licenses/LICENSE-2.0</url>
                    <distribution>repo</distribution>
                </license>
            </licenses>
        </dependency>
        <dependency>
            <groupId>org.infinispan</groupId>
            <artifactId>infinispan-anchored-keys</artifactId>
            <version>12.1.7.Final-redhat-00001</version>
            <licenses>
                <license>
                    <name>Apache License 2.0</name>
                    <url>http://www.apache.org/licenses/LICENSE-2.0</url>
                    <distribution>repo</distribution>
                </license>
            </licenses>
        </dependency>
        <dependency>
            <groupId>org.infinispan</groupId>
            <artifactId>infinispan-cachestore-jdbc</artifactId>
            <version>12.1.7.Final-redhat-00001</version>
            <licenses>
                <license>
                    <name>Apache License 2.0</name>
                    <url>http://www.apache.org/licenses/LICENSE-2.0</url>
                    <distribution>repo</distribution>
                </license>
            </licenses>
        </dependency>
        <dependency>
            <groupId>org.infinispan</groupId>
            <artifactId>infinispan-cachestore-remote</artifactId>
            <version>12.1.7.Final-redhat-00001</version>
            <licenses>
                <license>
                    <name>Apache License 2.0</name>
                    <url>http://www.apache.org/licenses/LICENSE-2.0</url>
                    <distribution>repo</distribution>
                </license>
            </licenses>
        </dependency>
        <dependency>
            <groupId>org.infinispan</groupId>
            <artifactId>infinispan-cachestore-rocksdb</artifactId>
            <version>12.1.7.Final-redhat-00001</version>
            <licenses>
                <license>
                    <name>Apache License 2.0</name>
                    <url>http://www.apache.org/licenses/LICENSE-2.0</url>
                    <distribution>repo</distribution>
                </license>
            </licenses>
        </dependency>
        <dependency>
            <groupId>org.infinispan</groupId>
            <artifactId>infinispan-cli-client</artifactId>
            <version>12.1.7.Final-redhat-00001</version>
            <licenses>
                <license>
                    <name>Apache License 2.0</name>
                    <url>http://www.apache.org/licenses/LICENSE-2.0</url>
                    <distribution>repo</distribution>
                </license>
            </licenses>
        </dependency>
        <dependency>
            <groupId>org.infinispan</groupId>
            <artifactId>infinispan-client-hotrod</artifactId>
            <version>12.1.7.Final-redhat-00001</version>
            <licenses>
                <license>
                    <name>Apache License 2.0</name>
                    <url>http://www.apache.org/licenses/LICENSE-2.0</url>
                    <distribution>repo</distribution>
                </license>
            </licenses>
        </dependency>
        <dependency>
            <groupId>org.infinispan</groupId>
            <artifactId>infinispan-client-rest</artifactId>
            <version>12.1.7.Final-redhat-00001</version>
            <licenses>
                <license>
                    <name>Apache License 2.0</name>
                    <url>http://www.apache.org/licenses/LICENSE-2.0</url>
                    <distribution>repo</distribution>
                </license>
            </licenses>
        </dependency>
        <dependency>
            <groupId>org.infinispan</groupId>
            <artifactId>infinispan-cloudevents-integration</artifactId>
            <version>12.1.7.Final-redhat-00001</version>
            <licenses>
                <license>
                    <name>Apache License 2.0</name>
                    <url>http://www.apache.org/licenses/LICENSE-2.0</url>
                    <distribution>repo</distribution>
                </license>
            </licenses>
        </dependency>
        <dependency>
            <groupId>org.infinispan</groupId>
            <artifactId>infinispan-clustered-counter</artifactId>
            <version>12.1.7.Final-redhat-00001</version>
            <licenses>
                <license>
                    <name>Apache License 2.0</name>
                    <url>http://www.apache.org/licenses/LICENSE-2.0</url>
                    <distribution>repo</distribution>
                </license>
            </licenses>
        </dependency>
        <dependency>
            <groupId>org.infinispan</groupId>
            <artifactId>infinispan-clustered-lock</artifactId>
            <version>12.1.7.Final-redhat-00001</version>
            <licenses>
                <license>
                    <name>Apache License 2.0</name>
                    <url>http://www.apache.org/licenses/LICENSE-2.0</url>
                    <distribution>repo</distribution>
                </license>
            </licenses>
        </dependency>
        <dependency>
            <groupId>org.infinispan</groupId>
            <artifactId>infinispan-commons</artifactId>
            <version>12.1.7.Final-redhat-00001</version>
            <licenses>
                <license>
                    <name>Apache License 2.0</name>
                    <url>http://www.apache.org/licenses/LICENSE-2.0</url>
                    <distribution>repo</distribution>
                </license>
            </licenses>
        </dependency>
        <dependency>
            <groupId>org.infinispan</groupId>
            <artifactId>infinispan-core</artifactId>
            <version>12.1.7.Final-redhat-00001</version>
            <licenses>
                <license>
                    <name>Apache License 2.0</name>
                    <url>http://www.apache.org/licenses/LICENSE-2.0</url>
                    <distribution>repo</distribution>
                </license>
            </licenses>
        </dependency>
        <dependency>
            <groupId>org.infinispan</groupId>
            <artifactId>infinispan-jboss-marshalling</artifactId>
            <version>12.1.7.Final-redhat-00001</version>
            <licenses>
                <license>
                    <name>Apache License 2.0</name>
                    <url>http://www.apache.org/licenses/LICENSE-2.0</url>
                    <distribution>repo</distribution>
                </license>
            </licenses>
        </dependency>
        <dependency>
            <groupId>org.infinispan</groupId>
            <artifactId>infinispan-multimap</artifactId>
            <version>12.1.7.Final-redhat-00001</version>
            <licenses>
                <license>
                    <name>Apache License 2.0</name>
                    <url>http://www.apache.org/licenses/LICENSE-2.0</url>
                    <distribution>repo</distribution>
                </license>
            </licenses>
        </dependency>
        <dependency>
            <groupId>org.infinispan</groupId>
            <artifactId>infinispan-objectfilter</artifactId>
            <version>12.1.7.Final-redhat-00001</version>
            <licenses>
                <license>
                    <name>Apache License 2.0</name>
                    <url>http://www.apache.org/licenses/LICENSE-2.0</url>
                    <distribution>repo</distribution>
                </license>
            </licenses>
        </dependency>
        <dependency>
            <groupId>org.infinispan</groupId>
            <artifactId>infinispan-persistence-soft-index</artifactId>
            <version>12.1.7.Final-redhat-00001</version>
            <licenses>
                <license>
                    <name>Apache License 2.0</name>
                    <url>http://www.apache.org/licenses/LICENSE-2.0</url>
                    <distribution>repo</distribution>
                </license>
            </licenses>
        </dependency>
        <dependency>
            <groupId>org.infinispan</groupId>
            <artifactId>infinispan-query</artifactId>
            <version>12.1.7.Final-redhat-00001</version>
            <licenses>
                <license>
                    <name>Apache License 2.0</name>
                    <url>http://www.apache.org/licenses/LICENSE-2.0</url>
                    <distribution>repo</distribution>
                </license>
            </licenses>
        </dependency>
        <dependency>
            <groupId>org.infinispan</groupId>
            <artifactId>infinispan-query-core</artifactId>
            <version>12.1.7.Final-redhat-00001</version>
            <licenses>
                <license>
                    <name>Apache License 2.0</name>
                    <url>http://www.apache.org/licenses/LICENSE-2.0</url>
                    <distribution>repo</distribution>
                </license>
            </licenses>
        </dependency>
        <dependency>
            <groupId>org.infinispan</groupId>
            <artifactId>infinispan-query-dsl</artifactId>
            <version>12.1.7.Final-redhat-00001</version>
            <licenses>
                <license>
                    <name>Apache License 2.0</name>
                    <url>http://www.apache.org/licenses/LICENSE-2.0</url>
                    <distribution>repo</distribution>
                </license>
            </licenses>
        </dependency>
        <dependency>
            <groupId>org.infinispan</groupId>
            <artifactId>infinispan-remote-query-client</artifactId>
            <version>12.1.7.Final-redhat-00001</version>
            <licenses>
                <license>
                    <name>Apache License 2.0</name>
                    <url>http://www.apache.org/licenses/LICENSE-2.0</url>
                    <distribution>repo</distribution>
                </license>
            </licenses>
        </dependency>
        <dependency>
            <groupId>org.infinispan</groupId>
            <artifactId>infinispan-remote-query-server</artifactId>
            <version>12.1.7.Final-redhat-00001</version>
            <licenses>
                <license>
                    <name>Apache License 2.0</name>
                    <url>http://www.apache.org/licenses/LICENSE-2.0</url>
                    <distribution>repo</distribution>
                </license>
            </licenses>
        </dependency>
        <dependency>
            <groupId>org.infinispan</groupId>
            <artifactId>infinispan-scripting</artifactId>
            <version>12.1.7.Final-redhat-00001</version>
            <licenses>
                <license>
                    <name>Apache License 2.0</name>
                    <url>http://www.apache.org/licenses/LICENSE-2.0</url>
                    <distribution>repo</distribution>
                </license>
            </licenses>
        </dependency>
        <dependency>
            <groupId>org.infinispan</groupId>
            <artifactId>infinispan-server-core</artifactId>
            <version>12.1.7.Final-redhat-00001</version>
            <licenses>
                <license>
                    <name>Apache License 2.0</name>
                    <url>http://www.apache.org/licenses/LICENSE-2.0</url>
                    <distribution>repo</distribution>
                </license>
            </licenses>
        </dependency>
        <dependency>
            <groupId>org.infinispan</groupId>
            <artifactId>infinispan-server-hotrod</artifactId>
            <version>12.1.7.Final-redhat-00001</version>
            <licenses>
                <license>
                    <name>Apache License 2.0</name>
                    <url>http://www.apache.org/licenses/LICENSE-2.0</url>
                    <distribution>repo</distribution>
                </license>
            </licenses>
        </dependency>
        <dependency>
            <groupId>org.infinispan</groupId>
            <artifactId>infinispan-server-memcached</artifactId>
            <version>12.1.7.Final-redhat-00001</version>
            <licenses>
                <license>
                    <name>Apache License 2.0</name>
                    <url>http://www.apache.org/licenses/LICENSE-2.0</url>
                    <distribution>repo</distribution>
                </license>
            </licenses>
        </dependency>
        <dependency>
            <groupId>org.infinispan</groupId>
            <artifactId>infinispan-server-rest</artifactId>
            <version>12.1.7.Final-redhat-00001</version>
            <licenses>
                <license>
                    <name>Apache License 2.0</name>
                    <url>http://www.apache.org/licenses/LICENSE-2.0</url>
                    <distribution>repo</distribution>
                </license>
            </licenses>
        </dependency>
        <dependency>
            <groupId>org.infinispan</groupId>
            <artifactId>infinispan-server-router</artifactId>
            <version>12.1.7.Final-redhat-00001</version>
            <licenses>
                <license>
                    <name>Apache License 2.0</name>
                    <url>http://www.apache.org/licenses/LICENSE-2.0</url>
                    <distribution>repo</distribution>
                </license>
            </licenses>
        </dependency>
        <dependency>
            <groupId>org.infinispan</groupId>
            <artifactId>infinispan-server-runtime</artifactId>
            <version>12.1.7.Final-redhat-00001</version>
            <licenses>
                <license>
                    <name>Apache License 2.0</name>
                    <url>http://www.apache.org/licenses/LICENSE-2.0</url>
                    <distribution>repo</distribution>
                </license>
            </licenses>
        </dependency>
        <dependency>
            <groupId>org.infinispan</groupId>
            <artifactId>infinispan-tasks</artifactId>
            <version>12.1.7.Final-redhat-00001</version>
            <licenses>
                <license>
                    <name>Apache License 2.0</name>
                    <url>http://www.apache.org/licenses/LICENSE-2.0</url>
                    <distribution>repo</distribution>
                </license>
            </licenses>
        </dependency>
        <dependency>
            <groupId>org.infinispan</groupId>
            <artifactId>infinispan-tasks-api</artifactId>
            <version>12.1.7.Final-redhat-00001</version>
            <licenses>
                <license>
                    <name>Apache License 2.0</name>
                    <url>http://www.apache.org/licenses/LICENSE-2.0</url>
                    <distribution>repo</distribution>
                </license>
            </licenses>
        </dependency>
        <dependency>
            <groupId>org.jboss.logging</groupId>
            <artifactId>jboss-logging</artifactId>
            <version>3.4.1.Final-redhat-00002</version>
            <licenses>
                <license>
                    <name>Apache License, version 2.0</name>
                    <url>http://www.apache.org/licenses/LICENSE-2.0.txt</url>
                    <distribution>repo</distribution>
                </license>
            </licenses>
        </dependency>
        <dependency>
            <groupId>org.jboss.marshalling</groupId>
            <artifactId>jboss-marshalling-osgi</artifactId>
            <version>2.0.11.Final-redhat-00001</version>
            <licenses>
                <license>
                    <name>Apache License 2.0</name>
                    <url>http://repository.jboss.org/licenses/apache-2.0.txt</url>
                    <distribution>repo</distribution>
                </license>
            </licenses>
        </dependency>
        <dependency>
            <groupId>org.jboss.spec.javax.transaction</groupId>
            <artifactId>jboss-transaction-api_1.2_spec</artifactId>
            <version>1.1.1.Final-redhat-1</version>
            <licenses>
                <license>
                    <name>Common Development and Distribution License</name>
                    <url>http://repository.jboss.org/licenses/cddl.txt</url>
                    <distribution>repo</distribution>
                </license>
                <license>
                    <name>GNU General Public License, Version 2 with the Classpath Exception</name>
                    <url>http://repository.jboss.org/licenses/gpl-2.0-ce.txt</url>
                    <distribution>repo</distribution>
                </license>
            </licenses>
        </dependency>
        <dependency>
            <groupId>org.jboss.threads</groupId>
            <artifactId>jboss-threads</artifactId>
            <version>2.3.3.Final-redhat-00001</version>
            <licenses>
                <license>
                    <name>Apache License 2.0</name>
                    <url>http://www.apache.org/licenses/LICENSE-2.0.txt</url>
                </license>
            </licenses>
        </dependency>
        <dependency>
            <groupId>org.jgroups</groupId>
            <artifactId>jgroups</artifactId>
            <version>4.2.12.Final-redhat-00001</version>
            <licenses>
                <license>
                    <name>Apache License 2.0</name>
                    <url>http://www.apache.org/licenses/LICENSE-2.0.html</url>
                </license>
            </licenses>
        </dependency>
        <dependency>
            <groupId>org.lz4</groupId>
            <artifactId>lz4-java</artifactId>
            <version>1.7.1.redhat-00001</version>
            <licenses>
                <license>
                    <name>The Apache Software License, Version 2.0</name>
                    <url>http://www.apache.org/licenses/LICENSE-2.0.txt</url>
                    <distribution>repo</distribution>
                </license>
            </licenses>
        </dependency>
        <dependency>
            <groupId>org.openjdk.jmh</groupId>
            <artifactId>jmh-core</artifactId>
            <version>1.23.0.redhat-00002</version>
            <licenses>
                <license>
                    <name>GNU General Public License (GPL), version 2, with the Classpath exception</name>
                    <url>http://openjdk.java.net/legal/gplv2+ce.html</url>
                </license>
            </licenses>
        </dependency>
        <dependency>
            <groupId>org.reactivestreams</groupId>
            <artifactId>reactive-streams</artifactId>
            <version>1.0.3.redhat-00003</version>
            <licenses>
                <license>
                    <name>CC0</name>
                    <url>http://creativecommons.org/publicdomain/zero/1.0/</url>
                    <distribution>repo</distribution>
                </license>
            </licenses>
        </dependency>
        <dependency>
            <groupId>org.rocksdb</groupId>
            <artifactId>rocksdbjni</artifactId>
            <version>6.15.5.redhat-00001</version>
            <licenses>
                <license>
                    <name>Apache License 2.0</name>
                    <url>http://www.apache.org/licenses/LICENSE-2.0.html</url>
                    <distribution>repo</distribution>
                </license>
                <license>
                    <name>GNU General Public License, version 2</name>
                    <url>http://www.gnu.org/licenses/gpl-2.0.html</url>
                    <distribution>repo</distribution>
                </license>
            </licenses>
        </dependency>
        <dependency>
            <groupId>org.slf4j</groupId>
            <artifactId>slf4j-api</artifactId>
            <version>1.7.25.redhat-00001</version>
            <licenses>
                <license>
                    <name>MIT License</name>
                    <url>http://www.opensource.org/licenses/mit-license.php</url>
                    <distribution>repo</distribution>
                </license>
            </licenses>
        </dependency>
        <dependency>
            <groupId>org.wildfly.common</groupId>
            <artifactId>wildfly-common</artifactId>
            <version>1.5.1.Final-redhat-00001</version>
            <licenses>
                <license>
                    <name>Apache License 2.0</name>
                    <url>http://repository.jboss.org/licenses/apache-2.0.txt</url>
                    <distribution>repo</distribution>
                </license>
            </licenses>
        </dependency>
        <dependency>
            <groupId>org.wildfly.openssl</groupId>
            <artifactId>wildfly-openssl-java</artifactId>
            <version>2.1.3.Final-redhat-00001</version>
            <licenses>
                <license>
                    <name>Apache License Version 2.0</name>
                    <url>http://repository.jboss.org/licenses/apache-2.0.txt</url>
                    <distribution>repo</distribution>
                </license>
            </licenses>
        </dependency>
        <dependency>
            <groupId>org.wildfly.openssl</groupId>
            <artifactId>wildfly-openssl-linux-rhel7-x86_64</artifactId>
            <version>2.1.0.SP01-redhat-00001</version>
            <licenses>
                <license>
                    <name>Apache License Version 2.0</name>
                    <url>http://repository.jboss.org/licenses/apache-2.0.txt</url>
                    <distribution>repo</distribution>
                </license>
            </licenses>
        </dependency>
        <dependency>
            <groupId>org.wildfly.openssl</groupId>
            <artifactId>wildfly-openssl-linux-rhel8-x86_64</artifactId>
            <version>2.1.0.SP01-redhat-00001</version>
            <licenses>
                <license>
                    <name>Apache License Version 2.0</name>
                    <url>http://repository.jboss.org/licenses/apache-2.0.txt</url>
                    <distribution>repo</distribution>
                </license>
            </licenses>
        </dependency>
        <dependency>
            <groupId>org.wildfly.security</groupId>
            <artifactId>wildfly-elytron</artifactId>
            <version>1.15.1.Final-redhat-00001</version>
            <licenses>
                <license>
                    <name>Apache License 2.0</name>
                    <url>http://www.apache.org/licenses/LICENSE-2.0.txt</url>
                </license>
            </licenses>
        </dependency>
        <dependency>
            <groupId>org.xerial.snappy</groupId>
            <artifactId>snappy-java</artifactId>
            <version>1.1.7.2-redhat-00002</version>
            <licenses>
                <license>
                    <name>The Apache Software License, Version 2.0</name>
                    <url>http://www.apache.org/licenses/LICENSE-2.0.txt</url>
                    <distribution>repo</distribution>
                </license>
            </licenses>
        </dependency>
        <dependency>
            <packageName>react-dom</packageName>
            <version>16.14.0</version>
            <licenses>
                <license>
                    <name>MIT License</name>
                    <url>http://www.opensource.org/licenses/MIT</url>
                </license>
            </licenses>
        </dependency>
        <dependency>
            <packageName>react-router-last-location</packageName>
            <version>2.0.1</version>
            <licenses>
                <license>
                    <name>MIT License</name>
                    <url>http://www.opensource.org/licenses/MIT</url>
                </license>
            </licenses>
        </dependency>
        <dependency>
            <packageName>react-syntax-highlighter</packageName>
            <version>15.4.3</version>
            <licenses>
                <license>
                    <name>MIT License</name>
                    <url>http://www.opensource.org/licenses/MIT</url>
                </license>
            </licenses>
        </dependency>
        <dependency>
            <packageName>react</packageName>
            <version>16.14.0</version>
            <licenses>
                <license>
                    <name>MIT License</name>
                    <url>http://www.opensource.org/licenses/MIT</url>
                </license>
            </licenses>
        </dependency>
    </dependencies>
</licenseSummary>
