<?xml version='1.0'?>
<licenseSummary>
    <project>infinispan-console</project>
    <version>0.14.1</version>
    <license>Apache-2.0</license>
    <dependencies>
        <dependency>
            <packageName>@patternfly/react-catalog-view-extension</packageName>
            <version>4.10.2</version>
            <licenses>
                <license>
                    <name>MIT License</name>
                    <url>http://www.opensource.org/licenses/MIT</url>
                </license>
            </licenses>
        </dependency>
        <dependency>
            <packageName>@patternfly/react-charts</packageName>
            <version>6.14.2</version>
            <licenses>
                <license>
                    <name>MIT License</name>
                    <url>http://www.opensource.org/licenses/MIT</url>
                </license>
            </licenses>
        </dependency>
        <dependency>
            <packageName>@patternfly/react-code-editor</packageName>
            <version>4.1.25</version>
            <licenses>
                <license>
                    <name>MIT License</name>
                    <url>http://www.opensource.org/licenses/MIT</url>
                </license>
            </licenses>
        </dependency>
        <dependency>
            <packageName>@patternfly/react-core</packageName>
            <version>4.97.2</version>
            <licenses>
                <license>
                    <name>MIT License</name>
                    <url>http://www.opensource.org/licenses/MIT</url>
                </license>
            </licenses>
        </dependency>
        <dependency>
            <packageName>@patternfly/react-icons</packageName>
            <version>4.9.2</version>
            <licenses>
                <license>
                    <name>MIT License</name>
                    <url>http://www.opensource.org/licenses/MIT</url>
                </license>
            </licenses>
        </dependency>
        <dependency>
            <packageName>@patternfly/react-styles</packageName>
            <version>4.8.2</version>
            <licenses>
                <license>
                    <name>MIT License</name>
                    <url>http://www.opensource.org/licenses/MIT</url>
                </license>
            </licenses>
        </dependency>
        <dependency>
            <packageName>@patternfly/react-table</packageName>
            <version>4.23.2</version>
            <licenses>
                <license>
                    <name>MIT License</name>
                    <url>http://www.opensource.org/licenses/MIT</url>
                </license>
            </licenses>
        </dependency>
        <dependency>
            <packageName>@patternfly/react-tokens</packageName>
            <version>4.10.2</version>
            <licenses>
                <license>
                    <name>MIT License</name>
                    <url>http://www.opensource.org/licenses/MIT</url>
                </license>
            </licenses>
        </dependency>
        <dependency>
            <packageName>express</packageName>
            <version>4.17.1</version>
            <licenses>
                <license>
                    <name>MIT License</name>
                    <url>http://www.opensource.org/licenses/MIT</url>
                </license>
            </licenses>
        </dependency>
        <dependency>
            <packageName>i18next-browser-languagedetector</packageName>
            <version>6.0.1</version>
            <licenses>
                <license>
                    <name>MIT License</name>
                    <url>http://www.opensource.org/licenses/MIT</url>
                </license>
            </licenses>
        </dependency>
        <dependency>
            <packageName>numeral</packageName>
            <version>2.0.6</version>
            <licenses>
                <license>
                    <name>MIT License</name>
                    <url>http://www.opensource.org/licenses/MIT</url>
                </license>
            </licenses>
        </dependency>
        <dependency>
            <packageName>react</packageName>
            <version>16.14.0</version>
            <licenses>
                <license>
                    <name>MIT License</name>
                    <url>http://www.opensource.org/licenses/MIT</url>
                </license>
            </licenses>
        </dependency>
        <dependency>
            <packageName>react-dom</packageName>
            <version>16.14.0</version>
            <licenses>
                <license>
                    <name>MIT License</name>
                    <url>http://www.opensource.org/licenses/MIT</url>
                </license>
            </licenses>
        </dependency>
        <dependency>
            <packageName>react-router-last-location</packageName>
            <version>2.0.1</version>
            <licenses>
                <license>
                    <name>MIT License</name>
                    <url>http://www.opensource.org/licenses/MIT</url>
                </license>
            </licenses>
        </dependency>
        <dependency>
            <packageName>react-syntax-highlighter</packageName>
            <version>15.4.3</version>
            <licenses>
                <license>
                    <name>MIT License</name>
                    <url>http://www.opensource.org/licenses/MIT</url>
                </license>
            </licenses>
        </dependency>
    </dependencies>
</licenseSummary>